name,date,energy,amount,on_peak,mid_day,off_peak,correct_amount,error_rounding,error_calculation,session_type_DEVICE,session_type_MOBILE,session_type_WEB,port_type_CHADEMO,port_type_DCCOMBOTYP1,payment_mode_CREDITCARD,payment_mode_RFID,correct_duration
A,2018-09-01,218.31,115.78,7.0,8.0,2.0,115.78,0.0,0.0,7,10,0,17,0,11,6,25580
A,2018-09-02,192.29,102.15,2.0,12.0,3.0,102.15,0.0,0.0,4,13,0,17,0,9,8,27692
A,2018-09-03,182.25,93.6,3.0,4.0,2.0,93.6,0.0,0.0,3,6,0,7,2,7,2,25673
A,2018-09-04,110.14,56.83,1.0,5.0,1.0,56.83,0.0,0.0,1,6,0,7,0,3,4,13489
A,2018-09-05,295.22,156.2,6.0,8.0,3.0,156.2,0.0,0.0,4,13,0,14,3,8,9,38217
A,2018-09-06,192.39,100.06,4.0,8.0,3.0,100.06,0.0,0.0,3,12,0,15,0,10,5,23664
A,2018-09-07,339.39,176.17,2.0,9.0,6.0,176.18,0.0,1.0,0,17,0,15,2,9,8,39557
A,2018-09-08,286.65,149.58,5.0,9.0,2.0,149.59,0.0,1.0,9,7,0,15,1,12,4,30498
A,2018-09-09,188.3,96.59,5.0,10.0,4.0,96.59,0.0,0.0,4,14,1,16,3,12,7,24574
A,2018-09-10,198.49,103.95,4.0,12.0,3.0,103.95,0.0,0.0,7,12,0,17,2,9,10,22465
A,2018-09-11,272.43,141.5,5.0,8.0,8.0,141.5,0.0,0.0,5,14,2,19,2,6,15,35786
A,2018-09-12,66.9,34.86,1.0,4.0,2.0,34.86,0.0,0.0,2,5,0,6,1,3,4,11394
A,2018-09-13,301.33,160.8,8.0,11.0,1.0,160.78,0.0,0.0,9,11,0,17,3,15,5,39180
A,2018-09-14,293.82,155.03,6.0,12.0,2.0,155.03,0.0,0.0,10,10,0,18,2,16,4,38330
A,2018-09-15,247.13,128.97,3.0,9.0,6.0,128.97,0.0,0.0,8,10,0,18,0,15,3,33073
A,2018-09-16,250.54,128.46,3.0,15.0,1.0,128.46,0.0,0.0,10,9,0,17,2,17,2,28431
A,2018-09-17,241.45,125.91,4.0,6.0,2.0,125.91,0.0,0.0,3,9,0,10,2,8,4,27858
A,2018-09-18,191.41,104.2,6.0,9.0,4.0,104.2,0.0,0.0,4,15,0,16,3,11,8,25018
A,2018-09-19,293.23,158.94,4.0,5.0,5.0,158.94,0.0,0.0,6,8,0,14,0,10,4,33044
A,2018-09-20,286.87,152.89,5.0,9.0,5.0,152.89,0.0,0.0,4,15,0,17,2,10,9,33835
A,2018-09-21,246.97,128.78,4.0,5.0,2.0,128.78,0.0,0.0,4,7,0,10,1,9,2,27606
A,2018-09-22,242.34,124.13,2.0,12.0,2.0,124.14,0.0,0.0,4,11,1,15,1,12,4,29667
A,2018-09-23,287.04,149.82,3.0,8.0,3.0,149.83,0.0,0.0,6,8,0,12,2,10,4,29765
A,2018-09-24,212.58,109.47,4.0,5.0,3.0,109.47,0.0,0.0,4,8,0,11,1,7,5,25374
A,2018-09-25,238.21,125.53,5.0,8.0,4.0,125.52,0.0,1.0,5,12,0,15,2,12,5,29717
A,2018-09-26,282.21,149.81,5.0,4.0,5.0,149.81,0.0,0.0,5,9,0,14,0,8,6,32947
A,2018-09-27,205.68,106.76,5.0,8.0,4.0,106.76,0.0,0.0,3,14,0,16,1,9,8,30338
A,2018-09-28,321.57,168.28,3.0,11.0,4.0,168.28,0.0,0.0,2,16,0,18,0,12,6,34176
A,2018-09-29,199.65,106.49,6.0,6.0,9.0,106.49,0.0,0.0,6,15,0,20,1,10,11,31365
A,2018-09-30,217.01,114.94,3.0,6.0,3.0,114.94,0.0,0.0,6,6,0,12,0,5,7,28776
A,2018-10-01,268.75,144.41,6.0,6.0,4.0,144.42,0.0,0.0,6,10,0,14,2,11,5,29257
A,2018-10-02,229.49,121.77,2.0,10.0,4.0,121.77,0.0,0.0,6,10,0,15,1,11,5,25748
A,2018-10-03,233.9,124.98,3.0,8.0,3.0,124.98,0.0,0.0,5,9,0,10,4,5,9,27907
A,2018-10-04,295.83,151.73,5.0,11.0,6.0,151.73,0.0,0.0,7,15,0,21,1,17,5,37610
A,2018-10-05,213.31,113.54,4.0,7.0,2.0,113.54,0.0,0.0,5,8,0,12,1,9,4,25399
A,2018-10-06,169.83,89.93,3.0,9.0,1.0,89.93,0.0,0.0,3,10,0,13,0,7,6,26486
A,2018-10-07,265.9,140.28,2.0,7.0,5.0,140.28,0.0,0.0,6,8,0,13,1,9,5,31782
A,2018-10-08,242.46,125.18,4.0,5.0,3.0,125.18,0.0,0.0,4,8,0,11,1,10,2,30638
A,2018-10-09,297.67,157.99,4.0,6.0,6.0,157.99,0.0,0.0,7,9,0,13,3,10,6,29495
A,2018-10-10,222.0,117.73,5.0,4.0,1.0,117.73,0.0,0.0,7,3,0,7,3,8,2,23780
A,2018-10-11,225.32,115.62,8.0,6.0,5.0,115.62,0.0,0.0,10,9,0,19,0,15,4,26680
A,2018-10-12,216.08,113.94,4.0,5.0,6.0,113.95,0.0,1.0,3,12,0,15,0,12,3,26802
A,2018-10-13,218.7,114.07,2.0,13.0,3.0,114.07,0.0,0.0,9,9,0,16,2,16,2,28915
A,2018-10-14,189.91,98.33,4.0,7.0,2.0,98.33,0.0,0.0,5,8,0,12,1,8,5,20770
A,2018-10-15,272.02,140.56,3.0,6.0,5.0,141.12,0.0,1.0,6,8,0,13,1,6,8,31972
A,2018-10-16,231.38,120.77,4.0,11.0,4.0,120.77,0.0,0.0,9,10,0,18,1,11,8,27014
A,2018-10-17,303.08,157.97,3.0,6.0,7.0,157.96,0.0,0.0,6,10,0,15,1,11,5,37252
A,2018-10-18,176.56,91.81,4.0,7.0,4.0,91.81,0.0,0.0,7,8,0,14,1,10,5,27737
A,2018-10-19,126.19,67.08,1.0,3.0,4.0,67.08,0.0,0.0,2,6,0,7,1,2,6,16039
A,2018-10-20,164.52,85.07,7.0,8.0,2.0,85.07,0.0,0.0,7,10,0,13,4,7,10,19177
A,2018-10-21,187.87,99.07,3.0,8.0,2.0,99.07,0.0,0.0,5,8,0,10,3,8,5,24282
A,2018-10-22,250.71,132.59,3.0,7.0,2.0,132.59,0.0,0.0,3,9,0,11,1,8,4,29971
A,2018-10-23,207.67,107.6,3.0,7.0,6.0,107.6,0.0,0.0,5,11,0,14,2,8,8,28295
A,2018-10-24,153.0,79.57,3.0,3.0,4.0,79.57,0.0,0.0,2,8,0,9,1,4,6,22328
A,2018-10-25,199.75,105.68,6.0,9.0,3.0,105.68,0.0,0.0,11,7,0,17,1,10,8,22813
A,2018-10-26,213.04,108.92,2.0,6.0,5.0,108.92,0.0,0.0,3,10,0,11,2,8,5,28941
A,2018-10-27,181.58,96.7,4.0,6.0,5.0,96.7,0.0,0.0,5,10,0,15,0,8,7,24447
A,2018-10-28,189.14,102.16,3.0,4.0,4.0,102.16,0.0,0.0,3,8,0,11,0,9,2,26538
A,2018-10-29,221.56,119.79,5.0,4.0,3.0,119.79,0.0,0.0,5,7,0,11,1,8,4,30765
A,2018-10-30,209.11,107.15,4.0,8.0,3.0,107.15,0.0,0.0,5,10,0,14,1,10,5,29633
A,2018-10-31,230.36,117.64,2.0,11.0,3.0,117.65,0.0,1.0,2,14,0,14,2,10,6,29940
A,2018-11-01,262.6,139.96,5.0,9.0,5.0,139.96,0.0,0.0,5,14,0,17,2,11,8,32712
A,2018-11-02,220.56,114.01,5.0,7.0,3.0,114.01,0.0,0.0,6,9,0,14,1,8,7,26619
A,2018-11-03,234.81,118.59,4.0,9.0,6.0,118.59,0.0,0.0,9,10,0,16,3,13,6,27976
A,2018-11-04,248.92,127.27,7.0,6.0,4.0,127.27,0.0,0.0,6,11,0,16,1,8,9,27809
A,2018-11-05,159.92,81.93,2.0,6.0,4.0,81.93,0.0,0.0,3,9,0,9,3,5,7,18599
A,2018-11-06,287.2,149.13,4.0,8.0,3.0,149.14,0.0,0.0,6,8,1,15,0,11,4,30621
A,2018-11-07,279.51,149.05,4.0,6.0,4.0,149.05,0.0,0.0,4,10,0,12,2,6,8,33364
A,2018-11-08,206.34,108.72,6.0,7.0,2.0,108.73,0.0,0.0,2,13,0,12,3,7,8,23353
A,2018-11-09,270.64,142.77,7.0,9.0,3.0,142.78,0.0,1.0,11,8,0,16,3,12,7,32029
A,2018-11-10,250.2,129.57,4.0,9.0,3.0,129.58,0.0,0.0,6,10,0,15,1,7,9,30239
A,2018-11-11,202.09,108.31,4.0,5.0,3.0,108.32,0.0,0.0,5,7,0,11,1,4,8,24109
A,2018-11-12,210.77,112.84,5.0,9.0,5.0,112.85,0.0,1.0,10,9,0,19,0,12,7,23617
A,2018-11-13,250.62,97.95,3.0,10.0,4.0,129.84,0.0,1.0,9,8,0,14,3,10,7,-34103
A,2018-11-14,135.4,71.16,5.0,6.0,2.0,71.16,0.0,0.0,6,7,0,13,0,8,5,18492
A,2018-11-15,168.74,87.89,2.0,5.0,6.0,87.89,0.0,0.0,3,10,0,12,1,6,7,21860
A,2018-11-16,248.81,130.23,5.0,9.0,3.0,130.24,0.0,0.0,6,11,0,15,2,11,6,31601
A,2018-11-17,151.95,77.48,2.0,4.0,2.0,77.48,0.0,0.0,3,5,0,8,0,5,3,18244
A,2018-11-18,205.28,112.35,6.0,3.0,3.0,112.35,0.0,0.0,4,8,0,12,0,9,3,25030
A,2018-11-19,164.49,86.02,3.0,6.0,3.0,86.02,0.0,0.0,3,9,0,10,2,5,7,21064
A,2018-11-20,186.56,97.62,4.0,4.0,3.0,97.63,0.0,0.0,3,8,0,10,1,7,4,20202
A,2018-11-21,201.71,103.37,3.0,7.0,1.0,103.37,0.0,0.0,6,5,0,9,2,10,1,26261
A,2018-11-22,57.3,29.35,1.0,5.0,1.0,29.35,0.0,0.0,5,2,0,6,1,6,1,7963
A,2018-11-23,159.11,81.82,1.0,5.0,3.0,81.82,0.0,0.0,1,8,0,9,0,4,5,19989
A,2018-11-24,149.27,79.46,6.0,5.0,2.0,79.45,0.0,1.0,9,4,0,11,2,10,3,19327
A,2018-11-25,136.67,71.38,3.0,6.0,3.0,71.38,0.0,0.0,5,7,0,10,2,8,4,21391
A,2018-11-26,198.89,104.71,3.0,4.0,3.0,104.71,0.0,0.0,3,7,0,9,1,5,5,26902
A,2018-11-27,157.73,83.68,2.0,5.0,3.0,83.68,0.0,0.0,0,10,0,8,2,5,5,21574
A,2018-11-28,233.34,122.77,4.0,5.0,3.0,122.77,0.0,0.0,4,8,0,12,0,8,4,25034
A,2018-11-29,183.61,93.71,2.0,8.0,3.0,93.71,0.0,0.0,8,5,0,13,0,8,5,23507
A,2018-11-30,223.24,117.87,3.0,9.0,4.0,117.87,0.0,0.0,6,10,0,16,0,11,5,27496
A,2018-12-01,228.73,120.58,5.0,16.0,3.0,120.59,0.0,1.0,9,15,0,23,1,8,16,30492
A,2018-12-02,100.32,51.72,2.0,4.0,1.0,51.72,0.0,0.0,1,6,0,6,1,3,4,16470
A,2018-12-03,118.34,60.85,4.0,5.0,2.0,60.84,0.0,0.0,3,8,0,8,3,5,6,17658
A,2018-12-04,210.65,109.87,4.0,9.0,2.0,109.87,0.0,0.0,8,7,0,13,2,10,5,24525
A,2018-12-05,241.95,129.63,4.0,5.0,5.0,129.63,0.0,0.0,5,9,0,13,1,9,5,27378
A,2018-12-06,181.84,91.22,1.0,7.0,8.0,91.22,0.0,0.0,8,8,0,15,1,10,6,24322
A,2018-12-07,259.42,134.53,3.0,8.0,4.0,134.53,0.0,0.0,7,8,0,14,1,8,7,30041
A,2018-12-08,219.74,110.21,2.0,7.0,4.0,110.21,0.0,0.0,5,8,0,12,1,8,5,27474
A,2018-12-09,97.61,51.13,4.0,5.0,2.0,51.13,0.0,0.0,8,3,0,11,0,9,2,17290
A,2018-12-10,140.68,74.11,2.0,6.0,4.0,74.11,0.0,0.0,4,8,0,11,1,6,6,16377
A,2018-12-11,258.88,134.56,3.0,5.0,2.0,134.57,0.0,1.0,5,5,0,9,1,6,4,29425
A,2018-12-12,179.89,95.81,4.0,4.0,5.0,95.81,0.0,0.0,5,8,0,10,3,7,6,29056
A,2018-12-13,188.23,101.45,3.0,2.0,5.0,101.45,0.0,0.0,2,8,0,7,3,6,4,25632
A,2018-12-14,187.96,100.53,4.0,6.0,6.0,100.53,0.0,0.0,5,11,0,14,2,11,5,25532
A,2018-12-15,205.41,106.58,2.0,11.0,4.0,106.59,0.0,1.0,8,9,0,16,1,11,6,28313
A,2018-12-16,197.48,100.82,5.0,6.0,3.0,100.82,0.0,0.0,4,10,0,13,1,11,3,28607
A,2018-12-17,187.33,96.22,7.0,8.0,4.0,96.22,0.0,0.0,9,10,0,19,0,13,6,23701
A,2018-12-18,207.21,112.5,4.0,6.0,2.0,112.5,0.0,0.0,5,7,0,11,1,9,3,27941
A,2018-12-19,137.99,72.33,7.0,8.0,3.0,72.33,0.0,0.0,10,8,0,16,2,13,5,19773
A,2018-12-20,180.8,98.36,3.0,5.0,5.0,98.36,0.0,0.0,6,7,0,13,0,8,5,21683
A,2018-12-21,174.59,92.0,4.0,7.0,2.0,92.01,0.0,0.0,8,5,0,11,2,11,2,23877
A,2018-12-22,171.18,88.87,2.0,6.0,3.0,88.88,0.0,0.0,6,5,0,10,1,9,2,23192
A,2018-12-23,98.87,52.93,2.0,4.0,2.0,52.93,0.0,0.0,1,6,1,8,0,4,4,15492
A,2018-12-24,124.49,66.38,3.0,3.0,4.0,66.38,0.0,0.0,5,5,0,9,1,7,3,15237
A,2018-12-25,61.53,32.33,2.0,9.0,1.0,32.33,0.0,0.0,5,7,0,10,2,10,2,11475
A,2018-12-26,182.72,96.1,3.0,4.0,3.0,96.1,0.0,0.0,2,8,0,8,2,5,5,24180
A,2018-12-27,224.56,116.04,1.0,12.0,4.0,116.04,0.0,0.0,4,9,4,11,6,11,6,23670
A,2018-12-28,100.94,53.0,2.0,4.0,2.0,53.0,0.0,0.0,2,6,0,8,0,5,3,13366
A,2018-12-29,233.16,120.22,2.0,13.0,2.0,120.22,0.0,0.0,9,8,0,17,0,10,7,26151
A,2018-12-30,131.2,70.96,2.0,4.0,2.0,70.95,0.0,1.0,2,6,0,6,2,4,4,16053
A,2018-12-31,163.72,85.42,2.0,5.0,3.0,85.42,0.0,0.0,5,5,0,8,2,8,2,22174
A,2019-01-01,186.43,97.48,6.0,6.0,6.0,97.49,0.0,0.0,4,14,0,18,0,13,5,25427
A,2019-01-02,183.25,95.71,7.0,5.0,2.0,95.71,0.0,0.0,5,9,0,12,2,8,6,29041
A,2019-01-03,156.7,82.88,6.0,4.0,1.0,82.88,0.0,0.0,8,3,0,9,2,9,2,22361
A,2019-01-04,182.96,95.18,5.0,6.0,0.0,95.18,0.0,0.0,7,4,0,11,0,10,1,22117
A,2019-01-05,179.76,92.02,1.0,7.0,4.0,92.02,0.0,0.0,7,5,0,9,3,9,3,24345
A,2019-01-06,232.65,120.83,4.0,7.0,4.0,120.83,0.0,0.0,5,10,0,12,3,10,5,35359
A,2019-01-07,280.38,148.76,5.0,7.0,7.0,148.74,0.0,0.0,6,13,0,18,1,11,8,35976
A,2019-01-08,253.07,133.34,4.0,5.0,8.0,133.34,0.0,0.0,8,9,0,15,2,11,6,31695
A,2019-01-09,253.91,128.67,5.0,10.0,4.0,131.61,0.0,1.0,6,13,0,17,2,12,7,34456
A,2019-01-10,296.09,151.26,4.0,11.0,4.0,151.26,0.0,0.0,8,11,0,17,2,14,5,33818
A,2019-01-11,368.97,194.47,7.0,13.0,5.0,194.46,0.0,0.0,8,17,0,23,2,15,10,44766
A,2019-01-12,281.63,150.07,6.0,6.0,6.0,150.07,0.0,0.0,2,16,0,17,1,12,6,36950
A,2019-01-13,387.0,191.37,6.0,12.0,9.0,199.61,0.0,2.0,6,19,2,25,2,18,9,43953
A,2019-01-14,321.2,164.92,9.0,10.0,2.0,164.94,0.0,0.0,8,13,0,20,1,16,5,40386
A,2019-01-15,300.83,151.85,6.0,12.0,8.0,158.41,0.0,1.0,12,13,1,26,0,16,10,38849
A,2019-01-16,316.21,162.31,6.0,8.0,3.0,162.34,0.0,3.0,9,8,0,15,2,13,4,33306
A,2019-01-17,339.03,174.33,3.0,12.0,6.0,174.33,0.0,0.0,11,10,0,21,0,14,7,40416
A,2019-01-18,303.31,160.76,7.0,9.0,3.0,160.76,0.0,0.0,7,11,1,16,3,13,6,36017
A,2019-01-19,294.84,154.28,11.0,7.0,6.0,154.29,0.0,0.0,11,11,2,18,6,16,8,43184
A,2019-01-20,291.98,117.64,4.0,13.0,8.0,153.74,0.0,5.0,12,11,2,24,1,15,10,46002
A,2019-01-21,282.41,147.37,4.0,12.0,4.0,147.37,0.0,0.0,2,17,1,18,2,7,13,33789
A,2019-01-22,408.27,210.64,2.0,9.0,5.0,210.64,0.0,0.0,7,9,0,16,0,10,6,40960
A,2019-01-23,343.14,167.78,5.0,10.0,5.0,176.94,0.0,1.0,5,13,2,18,2,15,5,38116
A,2019-01-24,214.7,108.95,3.0,7.0,4.0,108.96,0.0,1.0,6,8,0,13,1,11,3,24713
A,2019-01-25,406.65,216.21,8.0,12.0,5.0,216.22,0.0,1.0,12,13,0,23,2,17,8,49539
A,2019-01-26,359.84,180.15,5.0,9.0,3.0,188.73,0.0,1.0,6,9,2,16,1,9,8,41677
A,2019-01-27,386.27,203.75,6.0,13.0,4.0,203.73,0.0,0.0,11,12,0,21,2,15,8,48806
A,2019-01-28,142.91,78.14,5.0,4.0,1.0,78.14,0.0,0.0,4,6,0,8,2,6,4,20976
A,2019-01-29,199.39,99.62,7.0,4.0,5.0,104.64,0.0,1.0,1,12,3,15,1,9,7,24506
A,2019-01-30,229.57,120.3,4.0,5.0,4.0,123.83,0.0,1.0,8,4,1,12,1,8,5,32052
A,2019-01-31,517.17,260.41,12.0,9.0,8.0,271.29,0.0,2.0,11,14,4,24,5,21,8,58577
A,2019-02-01,246.48,119.31,2.0,12.0,2.0,127.22,0.0,1.0,4,11,1,15,1,8,8,35469
A,2019-02-02,196.62,101.37,2.0,8.0,3.0,101.38,0.0,0.0,3,10,0,12,1,8,5,25935
A,2019-02-03,124.05,56.04,0.0,10.0,3.0,62.17,0.0,1.0,7,5,1,12,1,9,4,16056
A,2019-02-04,0.0,0.0,1.0,3.0,0.0,0.0,0.0,0.0,4,0,0,0,4,4,0,8
A,2019-02-05,277.07,148.47,4.0,6.0,1.0,148.47,0.0,0.0,5,5,1,11,0,9,2,31804
A,2019-02-06,173.66,83.14,5.0,5.0,2.0,92.68,0.0,1.0,4,7,1,11,1,9,3,22354
A,2019-02-07,166.93,86.51,5.0,9.0,3.0,86.51,0.0,0.0,6,11,0,15,2,10,7,24334
A,2019-02-08,139.36,63.61,3.0,5.0,2.0,72.41,0.0,1.0,3,6,1,10,0,6,4,17501
A,2019-02-09,254.58,132.13,5.0,8.0,2.0,132.13,0.0,0.0,7,8,0,14,1,11,4,31847
A,2019-02-10,155.95,75.49,4.0,9.0,1.0,78.87,0.0,1.0,3,10,1,12,2,3,11,19069
A,2019-02-11,202.48,96.63,3.0,5.0,5.0,106.86,0.0,1.0,3,9,1,12,1,6,7,22385
A,2019-02-12,199.86,104.48,3.0,7.0,4.0,104.49,0.0,0.0,4,10,0,11,3,7,7,24282
A,2019-02-13,264.34,138.47,4.0,5.0,6.0,138.47,0.0,0.0,2,13,0,14,1,8,7,35740
A,2019-02-14,209.43,100.84,8.0,8.0,4.0,109.79,0.0,1.0,10,9,1,18,2,14,6,28699
A,2019-02-15,158.7,84.31,6.0,11.0,3.0,84.31,0.0,0.0,8,12,0,20,0,15,5,19330
A,2019-02-16,169.8,87.84,10.0,12.0,2.0,88.21,0.0,3.0,11,13,0,22,2,15,9,20100
A,2019-02-17,229.85,111.78,8.0,8.0,4.0,119.41,0.0,2.0,4,15,1,20,0,12,8,30748
A,2019-02-18,189.5,97.64,3.0,13.0,3.0,97.87,0.0,2.0,6,13,0,18,1,17,2,28304
A,2019-02-19,193.4,82.77,3.0,7.0,5.0,100.36,0.0,3.0,4,7,4,12,3,7,8,27155
A,2019-02-20,189.9,97.94,4.0,13.0,2.0,97.95,0.0,1.0,11,8,0,18,1,15,4,23444
A,2019-02-21,252.41,120.67,3.0,5.0,2.0,131.23,0.0,1.0,4,5,1,7,3,6,4,25634
A,2019-02-22,201.17,105.24,7.0,10.0,4.0,105.24,0.0,0.0,7,14,0,20,1,13,8,28537
A,2019-02-23,148.3,55.15,3.0,24.0,0.0,74.23,0.0,2.0,3,19,5,26,1,8,19,17825
A,2019-02-24,152.86,77.88,3.0,25.0,4.0,77.88,0.0,0.0,11,21,0,32,0,23,9,18217
A,2019-02-25,182.11,91.97,2.0,15.0,22.0,91.97,0.0,0.0,13,26,0,35,4,25,14,22304
A,2019-02-26,220.13,98.13,7.0,15.0,8.0,117.33,0.0,2.0,13,15,2,29,1,15,15,26930
A,2019-02-27,198.57,104.16,5.0,9.0,4.0,104.16,0.0,0.0,5,13,0,16,2,10,8,29716
A,2019-02-28,75.44,35.09,0.0,4.0,2.0,38.67,0.0,1.0,1,4,1,5,1,4,2,10967
A,2019-03-01,138.66,74.78,3.0,13.0,4.0,74.78,0.0,0.0,6,13,1,17,3,16,4,19538
A,2019-03-02,123.64,63.38,0.0,4.0,4.0,63.39,0.0,0.0,4,4,0,7,1,6,2,17313
A,2019-03-03,67.79,34.33,7.0,29.0,1.0,34.33,0.0,0.0,22,14,1,37,0,21,16,9185
A,2019-03-04,135.41,61.66,5.0,4.0,5.0,71.2,0.0,1.0,0,12,2,10,4,10,4,23250
A,2019-03-05,86.15,44.37,7.0,25.0,3.0,44.37,0.0,0.0,15,15,5,34,1,28,7,11432
A,2019-03-06,85.45,36.4,6.0,16.0,0.0,42.92,0.0,2.0,16,4,2,20,2,12,10,11924
A,2019-03-07,92.08,48.75,12.0,3.0,2.0,48.75,0.0,0.0,8,4,5,16,1,17,0,10217
A,2019-03-08,113.04,57.46,6.0,14.0,7.0,57.45,0.0,0.0,15,12,0,26,1,20,7,15351
A,2019-03-09,2.29,1.24,5.0,7.0,1.0,1.24,0.0,0.0,7,6,0,13,0,8,5,323
A,2019-03-10,86.1,40.84,6.0,22.0,11.0,43.58,0.0,1.0,13,15,11,38,1,24,15,17079
A,2019-03-11,132.16,59.4,9.0,10.0,2.0,66.21,0.0,1.0,6,15,0,19,2,9,12,15917
A,2019-03-12,114.3,57.28,3.0,12.0,2.0,57.28,0.0,0.0,3,14,0,16,1,8,9,15486
A,2019-03-13,86.21,44.21,3.0,8.0,10.0,44.21,0.0,0.0,8,9,4,19,2,9,12,9392
A,2019-03-14,171.55,90.88,9.0,11.0,3.0,90.88,0.0,0.0,10,12,1,21,2,18,5,23640
A,2019-03-15,205.53,107.29,4.0,5.0,4.0,107.29,0.0,0.0,7,6,0,9,4,10,3,30827
A,2019-03-16,170.39,88.11,2.0,8.0,4.0,88.11,0.0,0.0,4,9,1,14,0,8,6,20193
A,2019-03-17,141.07,72.19,2.0,6.0,3.0,72.19,0.0,0.0,3,8,0,10,1,6,5,18390
A,2019-03-18,128.17,68.09,7.0,18.0,3.0,68.09,0.0,0.0,5,18,5,26,2,14,14,18316
A,2019-03-19,112.86,44.87,9.0,22.0,2.0,61.23,1.0,3.0,15,13,5,23,10,21,12,12809
A,2019-03-20,54.94,28.26,2.0,1.0,5.0,28.26,0.0,0.0,4,4,0,8,0,7,1,5699
A,2019-03-21,181.71,88.72,3.0,5.0,1.0,95.8,0.0,1.0,4,4,1,6,3,8,1,22602
A,2019-03-22,89.71,46.92,4.0,2.0,3.0,46.93,0.0,0.0,3,6,0,8,1,7,2,12827
A,2019-03-25,123.32,64.74,4.0,7.0,0.0,64.74,0.0,0.0,6,5,0,11,0,8,3,16644
A,2019-03-26,255.65,130.74,2.0,7.0,6.0,130.75,0.0,0.0,5,10,0,13,2,12,3,33268
A,2019-03-27,98.37,51.22,9.0,9.0,4.0,51.22,0.0,0.0,9,10,3,20,2,10,12,13436
A,2019-03-28,138.55,67.62,8.0,6.0,2.0,73.81,0.0,1.0,9,6,1,16,0,6,10,19146
A,2019-03-29,158.45,74.71,4.0,5.0,5.0,82.66,0.0,1.0,2,12,0,13,1,7,7,20192
A,2019-03-30,145.22,75.3,6.0,4.0,4.0,75.29,0.0,0.0,2,7,5,13,1,5,9,20064
A,2019-03-31,122.6,62.53,2.0,5.0,3.0,62.53,0.0,0.0,6,4,0,9,1,10,0,19746
A,2019-04-01,199.6,102.6,5.0,5.0,2.0,102.6,0.0,0.0,4,8,0,11,1,10,2,22275
A,2019-04-02,270.64,140.24,2.0,12.0,3.0,140.25,0.0,0.0,10,7,0,15,2,13,4,29147
A,2019-04-03,132.98,67.72,0.0,6.0,4.0,67.72,0.0,0.0,1,9,0,8,2,7,3,15662
A,2019-04-04,275.99,140.98,3.0,10.0,2.0,140.98,0.0,0.0,11,4,0,13,2,12,3,26475
A,2019-04-05,311.49,162.73,8.0,9.0,8.0,162.73,0.0,0.0,9,10,6,25,0,15,10,39369
A,2019-04-06,95.68,48.68,4.0,9.0,3.0,48.79,0.0,1.0,10,6,0,12,4,11,5,16997
A,2019-04-07,96.49,50.42,1.0,4.0,2.0,50.42,0.0,0.0,2,4,1,7,0,5,2,14730
A,2019-04-08,168.64,82.52,4.0,9.0,4.0,86.98,0.0,2.0,8,8,1,17,0,8,9,21042
A,2019-04-09,181.61,95.45,3.0,5.0,2.0,95.45,0.0,0.0,5,5,0,10,0,9,1,18547
A,2019-04-10,158.4,81.14,3.0,8.0,4.0,81.4,0.0,1.0,7,8,0,15,0,12,3,20965
A,2019-04-11,175.16,93.6,5.0,3.0,2.0,93.6,0.0,0.0,5,5,0,9,1,8,2,22001
A,2019-04-12,160.44,83.45,3.0,7.0,2.0,83.45,0.0,0.0,5,7,0,11,1,8,4,18718
A,2019-04-13,251.89,130.28,5.0,8.0,4.0,130.29,0.0,0.0,4,13,0,16,1,10,7,30754
A,2019-04-14,310.27,155.35,7.0,11.0,6.0,164.01,0.0,2.0,8,15,1,23,1,11,13,37227
A,2019-04-15,261.75,127.0,9.0,7.0,6.0,138.29,0.0,1.0,10,11,1,21,1,12,10,31424
A,2019-04-16,341.64,168.26,7.0,7.0,7.0,179.56,0.0,1.0,7,13,1,19,2,12,9,35568
A,2019-04-17,330.43,143.35,4.0,12.0,5.0,172.69,0.0,4.0,4,13,4,19,2,10,11,35558
A,2019-04-18,182.82,95.32,4.0,10.0,4.0,95.32,0.0,0.0,12,6,0,16,2,15,3,26037
A,2019-04-19,436.88,227.82,5.0,12.0,5.0,227.82,0.0,0.0,6,16,0,19,3,18,4,47350
A,2019-04-20,261.67,140.78,5.0,12.0,5.0,140.78,0.0,0.0,9,13,0,21,1,13,9,31409
A,2019-04-21,364.19,191.31,3.0,8.0,7.0,191.31,0.0,0.0,5,12,1,16,2,11,7,41253
A,2019-04-22,337.24,169.31,5.0,9.0,4.0,177.92,0.0,1.0,9,8,1,17,1,12,6,36712
A,2019-04-23,348.22,170.92,5.0,10.0,7.0,180.61,0.0,1.0,10,11,1,19,3,15,7,40536
A,2019-04-24,388.51,204.89,6.0,7.0,5.0,204.89,0.0,0.0,10,8,0,18,0,13,5,38964
A,2019-04-25,343.22,149.15,8.0,17.0,6.0,178.55,0.0,3.0,5,17,9,26,5,9,22,40635
A,2019-04-26,302.07,156.3,6.0,9.0,3.0,156.3,0.0,0.0,6,12,0,16,2,11,7,35662
A,2019-04-27,255.35,127.73,7.0,18.0,7.0,134.29,0.0,1.0,11,20,1,29,3,21,11,34317
A,2019-04-28,332.47,171.11,6.0,10.0,2.0,171.12,1.0,0.0,12,6,0,17,1,12,6,39763
A,2019-04-29,321.43,141.28,7.0,13.0,6.0,167.07,0.0,3.0,11,11,4,26,0,14,12,38544
A,2019-04-30,237.36,97.02,2.0,10.0,5.0,123.91,0.0,3.0,5,9,3,16,1,7,10,26358
A,2019-05-01,318.07,155.91,4.0,10.0,2.0,165.08,0.0,1.0,8,7,1,14,2,7,9,37193
A,2019-05-02,330.39,167.92,7.0,9.0,5.0,173.0,0.0,1.0,12,9,0,20,1,15,6,40887
A,2019-05-03,254.2,116.08,5.0,11.0,6.0,133.8,0.0,3.0,5,14,3,19,3,12,10,32512
A,2019-05-04,323.04,171.98,4.0,11.0,3.0,172.12,0.0,1.0,7,11,0,18,0,10,8,36615
A,2019-05-05,197.51,93.18,4.0,10.0,3.0,103.44,0.0,2.0,9,7,1,15,2,10,7,24102
A,2019-05-06,132.12,61.24,4.0,9.0,3.0,70.13,1.0,4.0,8,8,0,15,1,8,8,17581
A,2019-05-07,189.32,99.14,3.0,7.0,3.0,99.14,0.0,0.0,6,7,0,12,1,7,6,24023
A,2019-05-08,294.41,147.24,2.0,8.0,4.0,153.09,0.0,1.0,5,7,2,14,0,10,4,31360
A,2019-05-09,300.92,147.78,6.0,12.0,5.0,157.52,3.0,2.0,11,11,1,21,2,17,6,32742
A,2019-05-10,347.6,162.64,7.0,14.0,6.0,184.17,0.0,6.0,9,13,5,22,5,15,12,41003
A,2019-05-11,268.36,141.12,7.0,6.0,6.0,141.12,0.0,0.0,13,6,0,18,1,17,2,33891
A,2019-05-12,413.47,218.07,4.0,8.0,4.0,218.07,0.0,0.0,7,9,0,14,2,12,4,43685
A,2019-05-13,271.36,141.84,4.0,6.0,6.0,141.84,0.0,0.0,3,12,1,13,3,9,7,29620
A,2019-05-14,186.49,90.98,6.0,7.0,3.0,99.79,0.0,1.0,6,9,1,16,0,10,6,24341
A,2019-05-15,462.34,222.77,9.0,11.0,8.0,241.67,0.0,3.0,10,16,2,24,4,17,11,50758
A,2019-05-16,301.81,140.34,4.0,10.0,7.0,153.5,0.0,2.0,12,8,1,19,2,14,7,34765
A,2019-05-17,311.56,149.73,7.0,12.0,6.0,164.51,0.0,2.0,16,7,2,22,3,19,6,39714
A,2019-05-18,265.12,118.54,6.0,12.0,3.0,136.64,0.0,3.0,12,8,1,20,1,11,10,31523
A,2019-05-19,297.66,154.25,7.0,7.0,4.0,154.27,0.0,0.0,9,9,0,18,0,13,5,32720
A,2019-05-20,330.89,162.84,6.0,9.0,6.0,171.6,0.0,1.0,8,12,1,18,3,9,12,40106
A,2019-05-21,309.99,163.16,10.0,13.0,4.0,163.17,0.0,1.0,7,20,0,24,3,15,12,35022
A,2019-05-22,467.01,194.92,5.0,11.0,8.0,245.12,0.0,6.0,9,13,2,22,2,12,12,50333
A,2019-05-23,337.71,170.8,4.0,10.0,9.0,176.85,0.0,2.0,10,13,0,18,5,14,9,42488
A,2019-05-24,320.96,138.1,6.0,8.0,13.0,169.0,0.0,5.0,10,15,2,23,4,15,12,43930
A,2019-05-25,369.89,171.83,4.0,14.0,8.0,195.39,0.0,3.0,13,12,1,24,2,15,11,41995
A,2019-05-26,362.82,170.45,2.0,10.0,6.0,186.22,0.0,3.0,7,10,1,17,1,9,9,41009
A,2019-05-27,232.34,100.17,1.0,10.0,9.0,119.02,0.0,3.0,6,8,6,20,0,8,12,26195
A,2019-05-28,309.39,133.4,4.0,9.0,4.0,157.48,0.0,3.0,8,7,2,16,1,10,7,34476
A,2019-05-29,346.74,147.38,4.0,10.0,9.0,180.55,0.0,4.0,13,9,1,21,2,14,9,38023
A,2019-05-30,180.33,79.23,4.0,7.0,3.0,94.54,0.0,3.0,5,7,2,11,3,6,8,20367
A,2019-05-31,190.66,88.14,5.0,3.0,4.0,102.07,0.0,2.0,6,6,0,9,3,10,2,23269
A,2019-06-01,194.93,94.84,2.0,7.0,3.0,103.94,0.0,1.0,5,6,1,12,0,7,5,23684
A,2019-06-02,223.22,99.38,4.0,7.0,2.0,115.51,0.0,2.0,6,6,1,11,2,8,5,23175
A,2019-06-03,186.66,96.77,3.0,4.0,3.0,96.77,0.0,0.0,2,8,0,9,1,6,4,22009
A,2019-06-04,187.53,86.83,4.0,12.0,15.0,98.33,0.0,4.0,8,23,0,29,2,10,21,24674
A,2019-06-05,242.46,118.6,5.0,15.0,13.0,128.48,0.0,2.0,18,14,1,29,4,22,11,31937
A,2019-06-06,148.2,70.43,5.0,14.0,4.0,78.73,0.0,1.0,14,8,1,20,3,17,6,21095
A,2019-06-07,277.0,125.92,2.0,8.0,5.0,143.42,0.0,2.0,6,9,0,13,2,8,7,31413
A,2019-06-08,260.0,129.59,3.0,10.0,2.0,135.99,0.0,1.0,8,7,0,14,1,11,4,26864
A,2019-06-09,279.63,105.09,9.0,5.0,6.0,150.15,0.0,5.0,8,7,5,19,1,7,13,30960
A,2019-06-10,184.86,85.64,4.0,5.0,3.0,97.92,0.0,2.0,4,8,0,11,1,6,6,24031
A,2019-06-11,243.41,117.5,5.0,8.0,4.0,126.06,0.0,1.0,7,10,0,14,3,8,9,27928
A,2019-06-12,201.0,92.62,4.0,5.0,3.0,104.82,0.0,2.0,1,9,2,9,3,5,7,23672
A,2019-06-13,213.14,95.29,3.0,5.0,6.0,113.27,0.0,3.0,5,8,1,11,3,11,3,26201
A,2019-06-14,268.61,120.5,5.0,14.0,4.0,137.81,0.0,2.0,8,13,2,15,8,14,9,32728
A,2019-06-15,196.52,95.55,5.0,15.0,3.0,103.93,0.0,2.0,11,11,1,19,4,13,10,29950
A,2019-06-16,175.62,81.18,2.0,6.0,4.0,90.24,0.0,1.0,6,5,1,10,2,8,4,22390
A,2019-06-17,216.2,106.67,4.0,12.0,3.0,109.95,0.0,2.0,7,8,4,18,1,10,9,29927
A,2019-06-18,205.94,96.83,4.0,10.0,5.0,107.37,0.0,1.0,10,9,0,17,2,14,5,28687
A,2019-06-19,338.04,164.43,7.0,12.0,5.0,178.46,0.0,2.0,12,11,1,20,4,15,9,37748
A,2019-06-20,204.4,91.49,6.0,7.0,5.0,107.92,0.0,3.0,8,9,1,17,1,7,11,26550
A,2019-06-21,241.75,107.75,4.0,8.0,3.0,125.16,0.0,2.0,4,10,1,10,5,7,8,27899
A,2019-06-22,204.47,90.62,4.0,14.0,5.0,107.97,0.0,3.0,9,9,5,22,1,12,11,28521
A,2019-06-23,144.78,67.37,10.0,7.0,1.0,74.65,1.0,3.0,10,8,0,15,3,10,8,21498
A,2019-06-24,138.83,57.85,4.0,5.0,3.0,74.46,0.0,2.0,3,8,1,10,2,4,8,22244
A,2019-06-25,199.05,92.95,9.0,5.0,3.0,104.78,1.0,2.0,10,6,1,13,4,9,8,25952
A,2019-06-26,198.38,103.58,3.0,7.0,5.0,103.58,0.0,0.0,7,8,0,11,4,12,3,31616
A,2019-06-27,107.85,55.55,2.0,5.0,1.0,55.56,0.0,0.0,4,4,0,7,1,5,3,14358
A,2019-06-28,258.39,122.0,4.0,8.0,3.0,132.53,0.0,1.0,7,8,0,10,5,13,2,31854
A,2019-06-29,214.24,101.98,4.0,9.0,5.0,109.44,0.0,1.0,5,13,0,13,5,10,8,23077
A,2019-06-30,276.44,137.0,4.0,8.0,2.0,144.46,0.0,1.0,6,7,1,10,4,8,6,29348
A,2019-07-01,269.28,130.89,4.0,5.0,3.0,143.13,0.0,3.0,5,6,1,11,1,7,5,28193
A,2019-07-02,238.88,124.2,4.0,9.0,3.0,124.2,0.0,0.0,8,7,1,13,3,11,5,27423
A,2019-07-03,212.47,102.43,3.0,9.0,6.0,109.12,0.0,1.0,8,10,0,18,0,11,7,25458
A,2019-07-04,150.03,75.54,2.0,10.0,2.0,75.54,0.0,0.0,3,11,0,13,1,7,7,19164
A,2019-07-05,179.05,94.93,3.0,8.0,7.0,94.93,0.0,0.0,9,9,0,16,2,11,7,29582
A,2019-07-06,207.9,110.45,4.0,6.0,8.0,110.56,0.0,1.0,10,8,0,14,4,15,3,26388
A,2019-07-07,179.19,86.59,4.0,7.0,3.0,94.55,0.0,1.0,8,6,0,12,2,8,6,19167
A,2019-07-08,286.96,133.62,7.0,6.0,5.0,152.43,0.0,2.0,7,11,0,14,4,11,7,31467
A,2019-07-09,112.24,51.73,2.0,9.0,1.0,56.52,0.0,1.0,5,7,0,11,1,5,7,13672
A,2019-07-10,322.29,146.39,9.0,11.0,5.0,169.6,0.0,4.0,8,14,3,23,2,10,15,37282
A,2019-07-11,208.75,96.27,3.0,8.0,1.0,111.4,0.0,2.0,4,8,0,9,3,8,4,24193
A,2019-07-12,320.65,144.19,7.0,8.0,8.0,167.11,0.0,5.0,14,9,0,19,4,13,10,39246
A,2019-07-13,180.87,69.08,1.0,6.0,4.0,91.98,0.0,4.0,5,6,0,8,3,6,5,21310
A,2019-07-14,188.75,98.95,3.0,9.0,2.0,99.77,0.0,1.0,4,10,0,11,3,8,6,23328
A,2019-07-15,271.59,129.25,3.0,10.0,4.0,138.43,0.0,1.0,8,9,0,11,6,9,8,28359
A,2019-07-16,232.3,107.0,5.0,12.0,2.0,117.28,0.0,2.0,12,7,0,15,4,11,8,28445
A,2019-07-17,210.45,109.17,1.0,6.0,4.0,109.17,0.0,0.0,2,8,1,8,3,7,4,23721
A,2019-07-18,217.38,100.41,3.0,9.0,2.0,113.55,0.0,2.0,7,7,0,11,3,8,6,23878
A,2019-07-19,381.52,188.68,5.0,11.0,6.0,199.21,0.0,2.0,9,12,1,14,8,14,8,40645
A,2019-07-20,188.35,76.84,7.0,8.0,3.0,98.65,0.0,3.0,11,5,2,16,2,8,10,24256
A,2019-07-21,216.86,110.5,6.0,11.0,4.0,116.12,0.0,1.0,10,11,0,18,3,12,9,25590
A,2019-07-22,179.79,76.02,0.0,5.0,3.0,90.75,0.0,2.0,4,4,0,6,2,4,4,19885
A,2019-07-23,225.99,87.67,4.0,9.0,5.0,117.93,0.0,5.0,8,10,0,15,3,9,9,27626
A,2019-07-24,223.4,85.9,4.0,7.0,5.0,116.94,0.0,4.0,12,4,0,15,1,6,10,26687
A,2019-07-25,214.35,111.63,7.0,9.0,0.0,111.63,0.0,0.0,5,11,0,14,2,12,4,24856
A,2019-07-26,177.06,76.96,1.0,9.0,3.0,89.45,0.0,3.0,9,4,0,11,2,9,4,22592
A,2019-07-27,207.36,101.54,10.0,8.0,3.0,110.47,0.0,1.0,6,12,3,21,0,7,14,25212
A,2019-07-28,206.21,92.27,5.0,10.0,4.0,107.12,0.0,3.0,7,12,0,18,1,10,9,27473
A,2019-07-29,192.57,84.59,5.0,7.0,1.0,99.39,0.0,2.0,5,8,0,11,2,9,4,21891
A,2019-07-30,202.96,85.98,8.0,7.0,4.0,108.36,0.0,3.0,10,9,0,17,2,10,9,28476
A,2019-07-31,210.16,85.9,6.0,9.0,7.0,111.16,0.0,5.0,12,10,0,20,2,12,10,26291
A,2019-08-01,281.21,111.56,6.0,12.0,5.0,148.02,0.0,6.0,13,8,2,22,1,10,13,30986
A,2019-08-02,284.86,128.89,4.0,15.0,5.0,146.72,0.0,4.0,9,12,3,22,2,14,10,31094
A,2019-08-03,243.19,112.7,5.0,14.0,5.0,125.36,0.0,3.0,9,14,1,18,6,15,9,34070
A,2019-08-04,425.72,203.58,6.0,8.0,6.0,226.63,0.0,4.0,5,13,2,17,3,9,11,59322
A,2019-08-05,342.12,141.9,6.0,12.0,5.0,177.96,0.0,4.0,12,11,0,18,5,14,9,35018
A,2019-08-06,334.15,144.88,2.0,12.0,8.0,172.53,0.0,4.0,8,14,0,20,2,9,13,39588
A,2019-08-07,291.56,141.71,2.0,8.0,6.0,150.76,0.0,1.0,5,11,0,14,2,11,5,29965
A,2019-08-08,325.92,150.41,6.0,9.0,5.0,171.48,0.0,3.0,5,13,2,18,2,10,10,40498
A,2019-08-09,353.27,168.1,4.0,9.0,4.0,183.37,0.0,3.0,8,7,2,16,1,11,6,35120
A,2019-08-10,275.11,115.9,7.0,12.0,8.0,143.38,0.0,4.0,17,10,0,23,4,19,8,40521
A,2019-08-11,347.42,143.02,5.0,10.0,9.0,183.15,0.0,6.0,9,13,2,22,2,11,13,39185
A,2019-08-12,294.49,122.47,5.0,7.0,5.0,152.59,0.0,4.0,7,10,0,16,1,9,8,41158
A,2019-08-13,298.56,113.39,4.0,13.0,3.0,154.43,0.0,5.0,9,11,0,17,3,12,8,34593
A,2019-08-14,293.43,120.83,7.0,10.0,11.0,153.87,0.0,4.0,11,16,1,25,3,19,9,36527
A,2019-08-15,345.74,138.31,4.0,11.0,7.0,181.68,0.0,5.0,10,12,0,20,2,10,12,43262
A,2019-08-16,298.4,148.83,8.0,7.0,3.0,157.14,0.0,1.0,8,10,0,17,1,12,6,36137
A,2019-08-17,410.51,190.16,6.0,12.0,8.0,215.32,0.0,5.0,11,15,0,26,0,17,9,47706
A,2019-08-18,273.44,112.49,6.0,10.0,9.0,142.35,0.0,4.0,8,16,1,22,3,11,14,33068
A,2019-08-19,391.31,173.11,6.0,10.0,6.0,203.95,0.0,4.0,5,17,0,18,4,9,13,44188
A,2019-08-20,255.94,122.32,7.0,7.0,8.0,133.59,0.0,2.0,5,17,0,19,3,11,11,36068
A,2019-08-21,173.32,80.54,3.0,10.0,4.0,89.3,0.0,1.0,3,14,0,17,0,8,9,22104
A,2019-08-22,303.64,150.05,3.0,7.0,6.0,156.93,0.0,1.0,6,10,0,15,1,12,4,32444
A,2019-08-23,304.24,143.5,6.0,7.0,4.0,162.21,0.0,2.0,9,8,0,14,3,12,5,33241
A,2019-08-24,214.53,104.85,7.0,4.0,3.0,111.0,0.0,1.0,7,7,0,12,2,10,4,21672
A,2019-08-25,225.7,102.25,4.0,10.0,2.0,117.98,0.0,2.0,11,5,0,14,2,10,6,29367
A,2019-08-26,234.21,121.22,4.0,11.0,4.0,121.22,0.0,0.0,3,16,0,16,3,12,7,30666
A,2019-08-27,313.51,130.29,9.0,9.0,5.0,166.45,0.0,5.0,11,11,1,21,2,12,11,35837
A,2019-08-28,377.26,166.21,5.0,11.0,9.0,199.33,0.0,4.0,8,17,0,23,2,13,12,43522
A,2019-08-29,372.45,178.59,5.0,14.0,5.0,194.84,0.0,2.0,15,8,1,20,4,14,10,41027
A,2019-08-30,305.04,140.66,4.0,9.0,8.0,157.58,0.0,3.0,7,14,0,17,4,15,6,37784
A,2019-08-31,226.99,107.28,3.0,16.0,3.0,116.09,0.0,2.0,12,10,0,19,3,17,5,27232
B,2018-09-01,166.61,89.93,4.0,5.0,3.0,89.93,0.0,0.0,3,9,0,9,3,7,5,23132
B,2018-09-02,149.62,79.15,3.0,6.0,4.0,79.15,0.0,0.0,5,8,0,11,2,8,5,17618
B,2018-09-03,94.29,48.74,2.0,5.0,2.0,48.74,0.0,0.0,4,5,0,6,3,5,4,15551
B,2018-09-04,137.75,71.24,2.0,6.0,2.0,71.25,0.0,0.0,4,6,0,10,0,7,3,15900
B,2018-09-05,279.95,148.49,5.0,6.0,2.0,148.49,0.0,0.0,6,7,0,12,1,8,5,30217
B,2018-09-06,155.03,79.55,3.0,7.0,3.0,79.56,0.0,1.0,3,10,0,12,1,8,5,23881
B,2018-09-07,204.44,107.74,5.0,8.0,4.0,107.74,0.0,0.0,4,12,1,16,1,10,7,27754
B,2018-09-08,206.74,110.77,7.0,6.0,3.0,110.77,0.0,0.0,12,4,0,15,1,10,6,22772
B,2018-09-09,257.67,136.66,3.0,6.0,2.0,136.66,0.0,0.0,3,8,0,10,1,8,3,26933
B,2018-09-10,148.7,80.06,4.0,3.0,0.0,80.06,0.0,0.0,4,3,0,5,2,5,2,21413
B,2018-09-11,204.83,107.35,7.0,8.0,2.0,107.36,0.0,0.0,6,11,0,15,2,12,5,23487
B,2018-09-12,121.46,64.49,3.0,11.0,3.0,64.49,0.0,0.0,4,13,0,15,2,10,7,19781
B,2018-09-13,148.68,75.89,3.0,10.0,1.0,75.88,0.0,0.0,5,9,0,12,2,9,5,29597
B,2018-09-14,266.29,140.85,4.0,12.0,4.0,140.85,0.0,0.0,6,13,1,19,1,12,8,34261
B,2018-09-15,117.26,60.44,2.0,6.0,4.0,60.44,0.0,0.0,6,6,0,12,0,9,3,17843
B,2018-09-16,172.49,89.41,1.0,9.0,2.0,89.41,0.0,0.0,0,12,0,12,0,8,4,20211
B,2018-09-17,173.34,89.25,6.0,9.0,1.0,89.25,0.0,0.0,5,11,0,16,0,8,8,21650
B,2018-09-18,199.19,105.01,5.0,6.0,2.0,105.01,0.0,0.0,6,7,0,13,0,8,5,22800
B,2018-09-19,181.78,96.21,3.0,8.0,1.0,96.21,0.0,0.0,7,5,0,12,0,9,3,19232
B,2018-09-20,248.52,130.47,5.0,7.0,3.0,130.47,0.0,0.0,3,12,0,15,0,6,9,28961
B,2018-09-21,213.77,109.58,8.0,9.0,4.0,109.58,0.0,0.0,3,18,0,19,2,7,14,28017
B,2018-09-22,185.53,93.76,2.0,8.0,1.0,93.77,0.0,1.0,4,7,0,11,0,8,3,20622
B,2018-09-23,201.94,107.33,5.0,7.0,1.0,107.33,0.0,0.0,1,12,0,12,1,7,6,22363
B,2018-09-24,240.92,123.01,5.0,8.0,2.0,123.01,0.0,0.0,2,13,0,14,1,10,5,29818
B,2018-09-25,176.3,90.29,2.0,7.0,4.0,90.3,0.0,1.0,4,9,0,12,1,9,4,27298
B,2018-09-26,270.7,146.51,6.0,5.0,2.0,146.51,0.0,0.0,3,10,0,12,1,9,4,30870
B,2018-09-27,245.8,130.31,6.0,33.0,2.0,130.31,0.0,0.0,13,28,0,38,3,11,30,31253
B,2018-09-28,259.67,136.57,7.0,11.0,7.0,136.57,0.0,0.0,10,15,0,22,3,15,10,40294
B,2018-09-29,205.9,109.1,6.0,17.0,5.0,109.1,0.0,0.0,14,14,0,26,2,25,3,24523
B,2018-09-30,304.35,159.09,3.0,9.0,2.0,159.09,0.0,0.0,5,9,0,13,1,13,1,33394
B,2018-10-01,297.56,155.01,16.0,8.0,3.0,155.01,0.0,0.0,6,21,0,24,3,16,11,35943
B,2018-10-02,125.15,67.15,5.0,5.0,5.0,67.15,0.0,0.0,10,5,0,14,1,10,5,19570
B,2018-10-03,293.28,157.71,7.0,5.0,5.0,157.82,0.0,1.0,5,12,0,15,2,12,5,37897
B,2018-10-04,244.25,125.47,2.0,9.0,4.0,125.48,0.0,0.0,2,13,0,12,3,9,6,29791
B,2018-10-05,268.48,139.61,3.0,12.0,2.0,139.62,0.0,1.0,9,8,0,15,2,14,3,38315
B,2018-10-06,190.87,100.6,1.0,6.0,5.0,100.6,0.0,0.0,4,8,0,11,1,8,4,25634
B,2018-10-07,222.79,117.15,4.0,10.0,4.0,117.16,0.0,0.0,8,10,0,16,2,11,7,25078
B,2018-10-08,136.59,70.57,2.0,4.0,3.0,70.57,0.0,0.0,1,7,1,8,1,2,7,20438
B,2018-10-09,156.89,83.52,2.0,5.0,4.0,83.52,0.0,0.0,1,9,1,9,2,7,4,19061
B,2018-10-10,130.47,68.66,1.0,5.0,4.0,68.66,0.0,0.0,0,10,0,7,3,6,4,19889
B,2018-10-11,312.46,164.07,4.0,10.0,6.0,164.07,0.0,0.0,7,13,0,19,1,13,7,37603
B,2018-10-12,298.4,154.49,5.0,6.0,4.0,154.48,0.0,1.0,8,7,0,12,3,13,2,36317
B,2018-10-13,245.18,129.58,3.0,4.0,5.0,129.59,0.0,0.0,5,7,0,11,1,9,3,27351
B,2018-10-14,108.89,57.81,4.0,4.0,1.0,57.81,0.0,0.0,3,6,0,6,3,7,2,17287
B,2018-10-15,200.24,102.74,4.0,9.0,1.0,102.74,0.0,0.0,4,10,0,11,3,9,5,28713
B,2018-10-16,213.29,112.05,3.0,8.0,3.0,112.05,0.0,0.0,4,10,0,11,3,9,5,26187
B,2018-10-17,238.77,128.01,6.0,6.0,4.0,128.01,0.0,0.0,10,6,0,11,5,13,3,34592
B,2018-10-18,178.39,96.79,6.0,3.0,3.0,96.79,0.0,0.0,1,11,0,12,0,8,4,25710
B,2018-10-19,123.62,63.03,1.0,6.0,5.0,63.21,0.0,2.0,2,10,0,11,1,9,3,17725
B,2018-10-20,129.35,66.7,4.0,5.0,1.0,66.7,0.0,0.0,3,7,0,9,1,7,3,16169
B,2018-10-21,244.09,123.16,3.0,8.0,2.0,123.17,0.0,0.0,4,9,0,12,1,10,3,24608
B,2018-10-22,203.01,103.61,3.0,6.0,4.0,103.61,0.0,0.0,5,8,0,13,0,6,7,24048
B,2018-10-23,170.83,91.97,4.0,4.0,2.0,91.97,0.0,0.0,3,7,0,9,1,7,3,21859
B,2018-10-24,186.63,96.13,2.0,8.0,2.0,96.13,0.0,0.0,3,8,1,11,1,4,8,23090
B,2018-10-25,205.93,107.51,4.0,9.0,4.0,107.51,0.0,0.0,5,12,0,15,2,9,8,28323
B,2018-10-26,85.78,44.38,2.0,5.0,1.0,44.38,0.0,0.0,3,5,0,6,2,4,4,11889
B,2018-10-27,163.28,85.53,4.0,5.0,5.0,85.53,0.0,0.0,5,9,0,10,4,7,7,24519
B,2018-10-28,205.3,107.76,2.0,3.0,3.0,107.76,0.0,0.0,4,4,0,8,0,6,2,23548
B,2018-10-29,129.58,67.71,3.0,4.0,1.0,67.71,0.0,0.0,3,5,0,8,0,6,2,14319
B,2018-10-30,157.95,82.37,3.0,5.0,2.0,82.37,0.0,0.0,3,7,0,9,1,7,3,22426
B,2018-10-31,180.69,95.05,5.0,8.0,2.0,95.06,0.0,0.0,5,9,1,14,1,9,6,24592
B,2018-11-01,229.69,119.65,4.0,7.0,3.0,119.65,0.0,0.0,4,10,0,11,3,12,2,28423
B,2018-11-02,223.6,115.34,4.0,7.0,1.0,115.34,0.0,0.0,5,7,0,11,1,7,5,22421
B,2018-11-03,227.57,120.39,5.0,11.0,3.0,120.39,0.0,0.0,10,8,1,19,0,16,3,29812
B,2018-11-04,211.96,112.45,4.0,11.0,6.0,112.45,0.0,0.0,9,12,0,20,1,18,3,23360
B,2018-11-05,152.45,77.26,2.0,7.0,1.0,77.25,0.0,0.0,2,8,0,9,1,7,3,19820
B,2018-11-06,135.84,70.09,3.0,7.0,4.0,70.1,0.0,1.0,6,8,0,14,0,12,2,16668
B,2018-11-07,267.01,140.4,7.0,11.0,5.0,140.4,0.0,0.0,7,16,0,23,0,16,7,38462
B,2018-11-08,154.91,82.08,9.0,8.0,6.0,82.08,0.0,0.0,4,19,0,22,1,5,18,18214
B,2018-11-09,246.8,126.85,5.0,13.0,3.0,126.84,0.0,0.0,9,12,0,18,3,18,3,33494
B,2018-11-10,185.26,95.86,5.0,7.0,2.0,95.86,0.0,0.0,4,10,0,11,3,7,7,22077
B,2018-11-11,165.56,90.02,3.0,9.0,2.0,90.02,0.0,0.0,4,9,1,14,0,6,8,19383
B,2018-11-12,145.16,77.01,3.0,13.0,1.0,77.01,0.0,0.0,6,11,0,15,2,14,3,18543
B,2018-11-13,181.19,84.34,4.0,4.0,5.0,95.43,0.0,1.0,6,7,0,13,0,7,6,19971
B,2018-11-14,127.68,67.68,4.0,4.0,2.0,67.68,0.0,0.0,2,8,0,9,1,4,6,15587
B,2018-11-15,101.77,54.93,3.0,3.0,6.0,54.93,0.0,0.0,8,4,0,12,0,10,2,13202
B,2018-11-16,152.51,76.64,4.0,12.0,3.0,76.65,0.0,1.0,5,14,0,18,1,17,2,20328
B,2018-11-17,115.78,59.2,2.0,5.0,2.0,59.2,0.0,0.0,5,4,0,7,2,6,3,19187
B,2018-11-18,102.0,54.24,4.0,6.0,3.0,54.38,0.0,1.0,6,7,0,12,1,11,2,15364
B,2018-11-19,158.87,85.04,3.0,5.0,2.0,85.04,0.0,0.0,3,7,0,10,0,8,2,17791
B,2018-11-20,123.28,63.94,2.0,7.0,4.0,63.95,0.0,0.0,5,8,0,13,0,8,5,18619
B,2018-11-21,201.07,105.02,6.0,4.0,2.0,105.02,0.0,0.0,4,8,0,12,0,6,6,23203
B,2018-11-22,35.83,18.76,1.0,2.0,1.0,18.76,0.0,0.0,1,3,0,3,1,4,0,5377
B,2018-11-23,111.45,57.23,2.0,5.0,1.0,57.23,0.0,0.0,3,5,0,6,2,4,4,18164
B,2018-11-24,291.09,151.45,9.0,6.0,3.0,151.45,0.0,0.0,8,10,0,17,1,13,5,30230
B,2018-11-25,163.37,83.15,4.0,5.0,1.0,83.15,0.0,0.0,5,5,0,7,3,9,1,22886
B,2018-11-26,196.44,102.29,5.0,7.0,4.0,102.29,0.0,0.0,6,10,0,15,1,9,7,24949
B,2018-11-27,79.59,41.93,3.0,6.0,3.0,41.93,0.0,0.0,2,10,0,11,1,8,4,10215
B,2018-11-28,154.87,77.83,5.0,9.0,2.0,77.83,0.0,0.0,7,9,0,14,2,14,2,21236
B,2018-11-29,236.84,124.01,3.0,7.0,3.0,124.02,0.0,1.0,5,8,0,9,4,9,4,23696
B,2018-11-30,168.51,84.87,0.0,8.0,4.0,84.87,0.0,0.0,4,8,0,11,1,9,3,20961
B,2018-12-01,324.85,169.71,6.0,7.0,4.0,169.71,0.0,0.0,6,11,0,14,3,11,6,41527
B,2018-12-02,139.59,72.27,2.0,4.0,2.0,72.28,0.0,0.0,4,4,0,7,1,6,2,20020
B,2018-12-03,124.89,66.06,3.0,3.0,3.0,66.06,0.0,0.0,4,5,0,9,0,6,3,13840
B,2018-12-04,187.23,99.49,3.0,4.0,3.0,99.49,0.0,0.0,4,6,0,7,3,5,5,22345
B,2018-12-05,168.46,91.63,6.0,3.0,4.0,91.63,0.0,0.0,4,9,0,12,1,8,5,23672
B,2018-12-06,217.82,114.35,3.0,6.0,4.0,114.35,0.0,0.0,4,9,0,11,2,8,5,27842
B,2018-12-07,251.01,132.31,3.0,4.0,5.0,132.32,0.0,0.0,4,8,0,11,1,9,3,29304
B,2018-12-08,236.52,122.81,4.0,7.0,5.0,122.81,0.0,0.0,11,5,0,13,3,11,5,30188
B,2018-12-09,136.84,70.89,4.0,5.0,0.0,70.89,0.0,0.0,4,5,0,8,1,7,2,20042
B,2018-12-10,131.4,69.73,3.0,6.0,2.0,69.73,0.0,0.0,5,6,0,8,3,8,3,16361
B,2018-12-11,163.64,82.64,5.0,5.0,0.0,82.64,0.0,0.0,4,6,0,9,1,7,3,23137
B,2018-12-12,183.64,97.63,5.0,3.0,4.0,97.63,0.0,0.0,4,8,0,11,1,10,2,19709
B,2018-12-13,95.51,51.78,5.0,2.0,2.0,51.78,0.0,0.0,2,7,0,8,1,3,6,11806
B,2018-12-14,192.35,96.94,1.0,9.0,6.0,96.94,0.0,0.0,2,14,0,16,0,8,8,23304
B,2018-12-15,88.72,44.86,1.0,5.0,3.0,44.86,0.0,0.0,5,4,0,7,2,7,2,17970
B,2018-12-16,234.09,120.85,4.0,10.0,3.0,120.85,0.0,0.0,6,11,0,14,3,16,1,29563
B,2018-12-17,209.05,106.21,2.0,7.0,2.0,106.21,0.0,0.0,7,4,0,10,1,8,3,22597
B,2018-12-18,217.14,114.54,6.0,5.0,1.0,114.54,0.0,0.0,3,9,0,12,0,7,5,25812
B,2018-12-19,188.88,101.69,4.0,7.0,6.0,101.69,0.0,0.0,8,9,0,12,5,10,7,29118
B,2018-12-20,154.49,81.48,9.0,4.0,5.0,81.48,0.0,0.0,6,7,5,12,6,9,9,19534
B,2018-12-21,302.91,162.83,6.0,5.0,3.0,162.83,0.0,0.0,3,11,0,13,1,10,4,31113
B,2018-12-22,109.86,55.37,2.0,5.0,0.0,55.37,0.0,0.0,5,2,0,7,0,6,1,13436
B,2018-12-23,222.54,116.15,3.0,6.0,2.0,116.15,0.0,0.0,5,6,0,10,1,10,1,25076
B,2018-12-24,151.58,82.29,2.0,4.0,3.0,82.29,0.0,0.0,4,5,0,8,1,6,3,16872
B,2018-12-25,88.19,46.04,2.0,8.0,0.0,46.04,0.0,0.0,3,7,0,5,5,7,3,11094
B,2018-12-26,104.37,54.16,3.0,7.0,2.0,54.16,0.0,0.0,4,8,0,9,3,5,7,11961
B,2018-12-27,131.09,67.45,4.0,9.0,0.0,67.45,0.0,0.0,4,9,0,11,2,9,4,17907
B,2018-12-28,182.7,93.6,2.0,5.0,2.0,93.6,0.0,0.0,5,4,0,8,1,7,2,20286
B,2018-12-29,192.36,100.37,4.0,8.0,2.0,100.37,0.0,0.0,10,4,0,12,2,11,3,27405
B,2018-12-30,206.09,106.89,2.0,5.0,5.0,106.89,0.0,0.0,5,7,0,12,0,10,2,25393
B,2018-12-31,224.32,115.36,3.0,10.0,5.0,115.36,0.0,0.0,8,10,0,17,1,9,9,31076
B,2019-01-01,143.23,74.41,3.0,8.0,1.0,74.42,0.0,0.0,7,5,0,8,4,10,2,20697
B,2019-01-02,268.47,143.2,5.0,7.0,3.0,143.21,0.0,0.0,10,5,0,15,0,14,1,29503
B,2019-01-03,205.93,111.06,5.0,6.0,2.0,111.06,0.0,0.0,5,6,2,10,3,8,5,26577
B,2019-01-04,188.01,95.55,2.0,11.0,1.0,95.54,0.0,0.0,11,3,0,14,0,9,5,21696
B,2019-01-05,160.78,86.98,5.0,4.0,5.0,86.97,0.0,0.0,4,10,0,12,2,10,4,23397
B,2019-01-06,222.92,110.21,7.0,18.0,4.0,112.89,0.0,8.0,16,12,1,21,8,23,6,27008
B,2019-01-07,53.17,28.71,0.0,4.0,1.0,28.71,0.0,0.0,0,5,0,1,4,1,4,5423
B,2019-01-08,126.92,67.75,7.0,5.0,0.0,67.75,0.0,0.0,2,10,0,10,2,5,7,17376
B,2019-01-09,56.89,29.98,0.0,4.0,6.0,30.23,0.0,2.0,4,6,0,4,6,8,2,8498
B,2019-01-10,102.84,55.18,2.0,4.0,1.0,55.19,1.0,0.0,2,5,0,7,0,5,2,11190
B,2019-01-11,0.0,0.0,0.0,2.0,0.0,0.0,0.0,0.0,1,1,0,0,2,1,1,4
B,2019-01-13,0.0,0.0,0.0,1.0,0.0,0.0,0.0,0.0,1,0,0,0,1,1,0,2
B,2019-01-28,79.97,45.55,5.0,1.0,0.0,45.58,0.0,1.0,3,3,0,5,1,5,1,8807
B,2019-01-29,141.29,76.72,2.0,3.0,2.0,76.72,0.0,0.0,2,4,1,7,0,3,4,17670
B,2019-01-30,156.01,82.37,4.0,4.0,3.0,82.37,0.0,0.0,4,7,0,8,3,6,5,21519
B,2019-01-31,427.74,225.92,12.0,14.0,3.0,225.92,0.0,0.0,17,12,0,25,4,22,7,51154
B,2019-02-01,190.57,100.72,5.0,5.0,4.0,100.72,0.0,0.0,5,9,0,13,1,10,4,23753
B,2019-02-02,137.38,70.7,2.0,6.0,4.0,70.7,0.0,0.0,1,11,0,10,2,5,7,19063
B,2019-02-03,269.99,139.16,6.0,10.0,1.0,139.16,0.0,0.0,4,13,0,17,0,7,10,34490
B,2019-02-04,300.8,153.02,8.0,10.0,2.0,155.2,0.0,1.0,9,10,1,17,3,14,6,35156
B,2019-02-05,246.84,130.48,4.0,8.0,6.0,130.48,0.0,0.0,12,6,0,17,1,11,7,36114
B,2019-02-06,232.67,123.93,3.0,4.0,3.0,123.93,0.0,0.0,1,9,0,9,1,5,5,27682
B,2019-02-07,192.53,100.05,7.0,8.0,5.0,100.05,0.0,0.0,12,8,0,19,1,17,3,22580
B,2019-02-08,153.89,55.93,3.0,6.0,3.0,78.71,0.0,3.0,3,5,4,12,0,5,7,17451
B,2019-02-09,183.74,85.84,3.0,6.0,1.0,94.7,0.0,2.0,2,7,1,10,0,6,4,20052
B,2019-02-10,149.03,67.56,5.0,9.0,1.0,78.66,0.0,1.0,7,6,2,15,0,12,3,16472
B,2019-02-11,218.12,117.92,7.0,3.0,3.0,117.92,0.0,0.0,5,8,0,13,0,10,3,28549
B,2019-02-12,96.85,49.02,1.0,6.0,2.0,49.02,0.0,0.0,0,9,0,9,0,7,2,10915
B,2019-02-13,156.9,83.19,3.0,4.0,2.0,83.19,0.0,0.0,3,6,0,8,1,5,4,19595
B,2019-02-14,217.35,109.5,2.0,9.0,2.0,109.51,0.0,0.0,4,9,0,12,1,9,4,25962
B,2019-02-15,164.59,73.72,4.0,7.0,1.0,87.57,0.0,2.0,6,4,2,12,0,7,5,19737
B,2019-02-16,139.61,75.5,6.0,7.0,2.0,75.5,0.0,0.0,8,7,0,15,0,7,8,24538
B,2019-02-17,202.78,103.23,7.0,6.0,1.0,108.15,0.0,1.0,4,9,1,14,0,6,8,25942
B,2019-02-18,183.82,76.82,2.0,8.0,1.0,93.04,0.0,2.0,1,8,2,11,0,3,8,24052
B,2019-02-19,251.61,133.61,5.0,5.0,4.0,133.61,0.0,0.0,3,11,0,13,1,7,7,29787
B,2019-02-20,222.42,114.95,3.0,6.0,1.0,114.95,0.0,0.0,4,6,0,9,1,8,2,22616
B,2019-02-21,201.88,105.94,4.0,4.0,3.0,105.94,0.0,0.0,6,5,0,10,1,7,4,24519
B,2019-02-22,298.03,143.95,8.0,7.0,4.0,158.21,0.0,2.0,6,11,2,18,1,10,9,39142
B,2019-02-23,149.31,78.23,4.0,7.0,2.0,78.23,0.0,0.0,5,8,0,13,0,8,5,20860
B,2019-02-24,263.09,131.85,0.0,7.0,1.0,131.85,0.0,0.0,3,5,0,8,0,6,2,28269
B,2019-02-25,160.29,76.05,3.0,7.0,5.0,82.68,0.0,2.0,5,9,1,15,0,6,9,19255
B,2019-02-26,241.19,128.18,6.0,10.0,4.0,128.17,0.0,1.0,9,11,0,18,2,13,7,34684
B,2019-02-27,200.91,98.37,5.0,8.0,2.0,105.5,0.0,1.0,5,9,1,11,4,7,8,27226
B,2019-02-28,13.18,6.65,0.0,1.0,1.0,6.65,0.0,0.0,1,1,0,2,0,1,1,2309
B,2019-03-01,276.76,147.61,5.0,5.0,7.0,147.61,0.0,0.0,10,7,0,16,1,12,5,31530
B,2019-03-02,133.92,59.27,1.0,7.0,2.0,68.15,0.0,1.0,4,5,1,8,2,6,4,18059
B,2019-03-03,164.24,83.14,3.0,6.0,1.0,83.14,0.0,0.0,5,5,0,9,1,7,3,18515
B,2019-03-04,123.13,53.25,3.0,1.0,4.0,66.44,0.0,2.0,3,4,1,7,1,4,4,18004
B,2019-03-05,159.9,82.34,3.0,7.0,3.0,82.34,0.0,0.0,7,6,0,12,1,8,5,19115
B,2019-03-06,117.19,61.58,3.0,6.0,2.0,61.58,0.0,0.0,6,5,0,11,0,4,7,20281
B,2019-03-07,206.21,110.2,10.0,5.0,1.0,110.2,0.0,0.0,6,9,1,15,1,7,9,22518
B,2019-03-08,233.24,120.97,5.0,10.0,8.0,120.97,0.0,0.0,13,8,2,22,1,13,10,27227
B,2019-03-09,87.43,37.08,1.0,5.0,4.0,45.31,0.0,1.0,5,4,1,10,0,8,2,10573
B,2019-03-10,191.57,98.47,4.0,8.0,4.0,98.47,0.0,0.0,8,8,0,15,1,13,3,25829
B,2019-03-11,143.57,73.61,3.0,7.0,0.0,73.61,0.0,0.0,2,8,0,10,0,3,7,17563
B,2019-03-12,162.48,71.75,3.0,7.0,3.0,84.7,0.0,2.0,4,7,2,13,0,9,4,20776
B,2019-03-13,251.89,124.01,4.0,7.0,7.0,133.54,0.0,2.0,8,9,1,16,2,9,9,27508
B,2019-03-14,227.07,119.26,6.0,7.0,3.0,119.26,0.0,0.0,8,8,0,16,0,11,5,27627
B,2019-03-15,154.01,81.73,6.0,6.0,2.0,81.91,0.0,1.0,3,11,0,13,1,9,5,18584
B,2019-03-16,234.41,115.22,3.0,8.0,5.0,122.48,0.0,2.0,8,7,1,15,1,11,5,30259
B,2019-03-17,134.61,61.42,2.0,4.0,3.0,70.46,0.0,1.0,2,6,1,9,0,5,4,17890
B,2019-03-18,153.45,67.65,1.0,4.0,3.0,78.12,0.0,1.0,3,3,2,7,1,3,5,21668
B,2019-03-19,187.58,98.54,4.0,5.0,0.0,98.54,0.0,0.0,3,6,0,7,2,5,4,21334
B,2019-03-20,148.19,76.32,3.0,8.0,0.0,76.32,0.0,0.0,8,3,0,11,0,10,1,17716
B,2019-03-21,124.98,64.5,3.0,6.0,2.0,64.51,0.0,0.0,4,6,1,9,2,9,2,16066
B,2019-03-22,49.73,27.54,2.0,1.0,0.0,27.54,0.0,0.0,1,2,0,3,0,2,1,6079
B,2019-03-25,224.33,116.02,3.0,7.0,1.0,116.02,0.0,0.0,3,8,0,9,2,7,4,25847
B,2019-03-26,160.99,82.82,4.0,7.0,0.0,82.82,0.0,0.0,1,10,0,10,1,7,4,19189
B,2019-03-27,163.6,86.07,1.0,8.0,3.0,86.07,0.0,0.0,6,6,0,12,0,7,5,25644
B,2019-03-28,273.96,133.14,5.0,6.0,1.0,141.92,0.0,1.0,4,7,1,11,1,7,5,31552
B,2019-03-29,181.19,95.22,3.0,7.0,2.0,95.22,0.0,0.0,1,11,0,10,2,7,5,20820
B,2019-03-30,183.31,96.11,3.0,7.0,3.0,96.11,0.0,0.0,5,8,0,13,0,8,5,21973
B,2019-03-31,106.02,45.42,2.0,2.0,2.0,54.64,0.0,1.0,2,3,1,5,1,3,3,12251
B,2019-04-01,243.78,119.65,3.0,5.0,9.0,129.94,0.0,2.0,3,7,7,16,1,7,10,29604
B,2019-04-02,188.9,70.3,2.0,8.0,2.0,95.59,0.0,3.0,2,7,3,11,1,7,5,20970
B,2019-04-03,220.87,109.99,3.0,5.0,2.0,115.75,0.0,1.0,3,5,2,10,0,5,5,23683
B,2019-04-04,141.84,68.19,3.0,8.0,3.0,76.1,0.0,3.0,4,6,4,14,0,6,8,18493
B,2019-04-05,339.2,177.65,8.0,8.0,4.0,177.66,0.0,0.0,3,14,3,18,2,12,8,35612
B,2019-04-06,122.64,58.33,6.0,9.0,4.0,64.82,0.0,1.0,10,8,1,17,2,13,6,18358
B,2019-04-07,172.41,86.03,1.0,6.0,1.0,86.25,0.0,1.0,1,6,1,8,0,6,2,16654
B,2019-04-08,178.89,78.82,6.0,7.0,3.0,94.74,0.0,2.0,2,5,9,15,1,3,13,19446
B,2019-04-09,168.18,79.26,5.0,4.0,2.0,88.37,0.0,1.0,4,5,2,8,3,6,5,20017
B,2019-04-10,194.2,100.7,3.0,3.0,2.0,100.7,0.0,0.0,4,4,0,7,1,5,3,19393
B,2019-04-11,206.63,98.27,6.0,5.0,1.0,106.53,0.0,1.0,1,9,2,11,1,2,10,25245
B,2019-04-12,185.7,79.82,3.0,8.0,2.0,94.98,0.0,2.0,9,2,2,11,2,9,4,24949
B,2019-04-13,34.37,18.56,0.0,1.0,2.0,18.56,0.0,0.0,1,2,0,2,1,2,1,4488
B,2019-04-14,0.0,0.0,0.0,0.0,2.0,0.0,0.0,0.0,0,2,0,0,2,1,1,3
B,2019-04-15,0.0,0.0,0.0,0.0,1.0,0.0,0.0,0.0,0,1,0,0,1,1,0,2
B,2019-04-16,57.7,30.19,2.0,9.0,1.0,30.29,0.0,1.0,5,7,0,11,1,6,6,8695
B,2019-05-06,47.69,19.84,0.0,4.0,0.0,23.37,0.0,2.0,2,2,0,4,0,1,3,6616
B,2019-05-07,61.81,22.99,0.0,3.0,3.0,32.71,0.0,2.0,2,4,0,3,3,3,3,9312
B,2019-05-29,81.38,44.37,2.0,3.0,1.0,44.39,0.0,1.0,2,4,0,6,0,3,3,9175
B,2019-05-30,104.68,53.17,1.0,6.0,2.0,53.17,0.0,0.0,5,4,0,9,0,7,2,11124
B,2019-05-31,233.3,103.18,3.0,5.0,2.0,121.11,0.0,2.0,6,3,1,9,1,7,3,25162
B,2019-06-01,108.43,58.89,2.0,3.0,1.0,58.89,0.0,0.0,4,2,0,5,1,5,1,13138
B,2019-06-02,85.14,32.98,1.0,7.0,1.0,42.96,0.0,1.0,4,4,1,8,1,7,2,10328
B,2019-06-03,73.6,27.46,3.0,2.0,0.0,38.52,0.0,1.0,4,1,0,5,0,2,3,8553
B,2019-06-04,227.66,80.05,1.0,8.0,5.0,119.09,0.0,5.0,8,4,2,13,1,9,5,23445
B,2019-06-05,219.43,100.78,3.0,8.0,4.0,116.83,0.0,2.0,9,6,0,15,0,10,5,24330
B,2019-06-06,178.34,96.95,4.0,3.0,3.0,96.95,0.0,0.0,4,6,0,9,1,8,2,19338
B,2019-06-07,74.64,29.18,1.0,3.0,2.0,38.39,0.0,1.0,2,3,1,6,0,2,4,7947
B,2019-06-08,160.84,84.25,1.0,8.0,1.0,84.25,0.0,0.0,4,6,0,10,0,6,4,17413
B,2019-06-09,169.79,93.03,6.0,2.0,4.0,93.03,0.0,0.0,4,8,0,12,0,7,5,19915
B,2019-06-10,161.26,63.52,3.0,3.0,2.0,88.06,0.0,3.0,4,4,0,8,0,3,5,16776
B,2019-06-11,169.2,72.63,3.0,9.0,2.0,87.03,0.0,2.0,11,3,0,14,0,10,4,21134
B,2019-06-12,147.19,66.78,3.0,6.0,0.0,76.1,0.0,2.0,7,2,0,9,0,5,4,23077
B,2019-06-13,175.02,84.14,5.0,3.0,2.0,91.8,0.0,1.0,4,5,1,10,0,4,6,17747
B,2019-06-14,145.37,66.18,3.0,7.0,3.0,75.66,0.0,1.0,5,7,1,13,0,9,4,22698
B,2019-06-15,200.58,86.62,3.0,7.0,2.0,105.9,0.0,3.0,7,5,0,12,0,5,7,24775
B,2019-06-16,228.35,111.62,2.0,5.0,3.0,122.56,0.0,1.0,6,2,2,8,2,9,1,20322
B,2019-06-17,206.3,96.94,4.0,9.0,2.0,106.0,0.0,1.0,7,8,0,15,0,8,7,25741
B,2019-06-18,209.97,81.07,6.0,4.0,5.0,112.96,0.0,4.0,9,4,2,15,0,8,7,23339
B,2019-06-19,226.67,88.59,2.0,9.0,5.0,115.85,0.0,3.0,5,7,4,16,0,6,10,24603
B,2019-06-20,211.46,95.08,3.0,6.0,1.0,109.99,0.0,2.0,8,2,0,10,0,7,3,22556
B,2019-06-21,151.74,58.68,5.0,5.0,3.0,80.28,0.0,3.0,11,2,0,13,0,9,4,20768
B,2019-06-22,39.2,20.05,1.0,4.0,0.0,20.05,0.0,0.0,2,3,0,5,0,3,2,6927
B,2019-06-23,139.79,75.92,3.0,3.0,1.0,75.92,0.0,0.0,3,4,0,7,0,6,1,15201
B,2019-06-24,129.8,52.19,2.0,4.0,3.0,66.45,0.0,2.0,5,4,0,9,0,4,5,16336
B,2019-06-25,103.94,41.51,2.0,6.0,3.0,53.84,0.0,2.0,5,5,1,11,0,4,7,18369
B,2019-06-26,167.66,79.9,4.0,8.0,1.0,88.26,0.0,1.0,3,10,0,13,0,7,6,17894
B,2019-06-27,157.73,52.45,3.0,4.0,2.0,84.3,0.0,4.0,6,3,0,9,0,3,6,19103
B,2019-06-28,146.88,65.21,7.0,7.0,1.0,77.93,0.0,2.0,10,5,0,15,0,7,8,18538
B,2019-06-29,183.22,75.12,5.0,6.0,2.0,95.77,0.0,3.0,10,3,0,13,0,9,4,27059
B,2019-06-30,192.66,94.8,3.0,8.0,4.0,101.76,0.0,1.0,9,6,0,15,0,11,4,23395
B,2019-07-01,143.43,55.11,8.0,7.0,3.0,77.04,0.0,2.0,14,2,2,18,0,12,6,19670
B,2019-07-02,171.38,76.18,5.0,6.0,3.0,92.67,0.0,2.0,8,6,0,14,0,7,7,20094
B,2019-07-03,269.6,129.83,3.0,4.0,5.0,142.96,0.0,2.0,5,6,1,12,0,9,3,29546
B,2019-07-04,156.02,66.49,2.0,6.0,1.0,79.59,0.0,2.0,2,7,0,9,0,3,6,19763
B,2019-07-05,185.28,77.29,3.0,4.0,8.0,100.33,0.0,3.0,7,7,1,15,0,9,6,23858
B,2019-07-06,207.64,93.67,3.0,5.0,4.0,110.62,0.0,3.0,6,6,0,12,0,4,8,28548
B,2019-07-07,181.34,87.72,5.0,3.0,3.0,97.81,0.0,1.0,9,2,0,11,0,7,4,19863
B,2019-07-08,154.49,74.54,4.0,4.0,5.0,82.53,0.0,1.0,7,6,0,13,0,11,2,22875
B,2019-07-09,194.12,69.52,3.0,8.0,5.0,102.78,0.0,4.0,11,4,1,16,0,6,10,21944
B,2019-07-10,163.42,71.65,5.0,11.0,0.0,84.67,0.0,3.0,6,10,0,16,0,7,9,22181
B,2019-07-11,97.87,52.67,4.0,4.0,0.0,52.67,0.0,0.0,3,5,0,8,0,6,2,13033
B,2019-07-12,251.18,113.19,7.0,8.0,4.0,134.25,0.0,3.0,8,10,1,19,0,10,9,26937
B,2019-07-13,88.18,46.39,2.0,7.0,2.0,46.39,0.0,0.0,1,10,0,11,0,3,8,12302
B,2019-07-14,177.47,83.17,4.0,5.0,1.0,92.16,0.0,1.0,6,4,0,10,0,6,4,20724
B,2019-07-15,93.17,42.23,3.0,5.0,1.0,48.35,0.0,1.0,6,2,1,9,0,6,3,15175
B,2019-07-16,155.03,47.07,4.0,7.0,0.0,81.25,0.0,4.0,9,2,0,11,0,6,5,20650
B,2019-07-17,167.93,71.21,4.0,7.0,3.0,88.32,0.0,3.0,13,1,0,14,0,9,5,23765
B,2019-07-18,142.38,50.46,4.0,12.0,0.0,73.65,0.0,3.0,8,7,1,16,0,8,8,17723
B,2019-07-19,137.62,63.05,4.0,6.0,2.0,72.02,0.0,3.0,8,4,0,12,0,10,2,16205
B,2019-07-20,146.12,53.63,3.0,6.0,4.0,76.65,0.0,3.0,8,5,0,13,0,9,4,17454
B,2019-07-21,120.21,50.63,4.0,7.0,3.0,63.86,0.0,2.0,6,8,0,14,0,4,10,20383
B,2019-07-22,142.79,49.18,2.0,8.0,4.0,74.83,0.0,3.0,14,0,0,14,0,11,3,18479
B,2019-07-23,112.72,53.85,5.0,9.0,2.0,57.42,0.0,1.0,11,5,0,16,0,11,5,23324
B,2019-07-24,185.16,87.66,3.0,6.0,3.0,98.88,0.0,1.0,10,2,0,12,0,7,5,19710
B,2019-07-25,194.85,79.76,3.0,8.0,2.0,101.55,0.0,3.0,6,6,1,13,0,8,5,21240
B,2019-07-26,155.22,59.42,4.0,8.0,1.0,79.12,0.0,4.0,8,5,0,13,0,5,8,20063
B,2019-07-27,111.88,38.39,3.0,8.0,3.0,57.65,0.0,4.0,8,6,0,14,0,7,7,16065
B,2019-07-28,177.49,81.69,3.0,9.0,1.0,90.21,0.0,1.0,7,6,0,13,0,7,6,23167
B,2019-07-29,146.59,67.05,6.0,4.0,2.0,78.01,0.0,1.0,9,3,0,12,0,10,2,16524
B,2019-07-30,186.19,99.49,12.0,8.0,3.0,99.49,0.0,0.0,4,16,3,23,0,11,12,19531
B,2019-07-31,87.11,47.46,9.0,22.0,7.0,47.46,0.0,0.0,14,24,0,38,0,23,15,10247
B,2019-08-01,164.45,65.93,16.0,13.0,3.0,83.0,0.0,2.0,19,13,0,32,0,17,15,20921
B,2019-08-02,112.92,43.06,5.0,27.0,12.0,58.6,0.0,3.0,23,17,4,44,0,22,22,13559
B,2019-08-03,135.87,69.28,1.0,20.0,2.0,69.28,0.0,0.0,15,8,0,23,0,15,8,14232
B,2019-08-04,52.54,17.95,15.0,28.0,3.0,26.37,0.0,1.0,16,21,9,46,0,19,27,7450
B,2019-08-05,105.67,43.84,9.0,31.0,5.0,56.53,0.0,2.0,38,6,1,45,0,29,16,12960
B,2019-08-06,205.11,86.54,0.0,19.0,4.0,105.01,0.0,2.0,20,3,0,23,0,18,5,19442
B,2019-08-07,40.56,21.3,12.0,8.0,1.0,21.3,0.0,0.0,13,6,2,21,0,14,7,4684
B,2019-08-08,159.88,56.67,11.0,7.0,6.0,84.11,0.0,3.0,13,10,1,24,0,10,14,18517
B,2019-08-09,133.31,59.09,3.0,5.0,3.0,68.62,0.0,1.0,4,7,0,11,0,3,8,17024
B,2019-08-10,77.29,39.27,8.0,9.0,13.0,39.27,0.0,0.0,20,9,1,30,0,27,3,11754
B,2019-08-11,108.13,44.58,4.0,21.0,9.0,54.44,0.0,1.0,22,10,2,34,0,18,16,12120
B,2019-08-12,138.46,55.65,4.0,9.0,12.0,70.64,0.0,2.0,12,11,2,25,0,14,11,20030
B,2019-08-13,100.87,53.5,9.0,17.0,1.0,53.5,0.0,0.0,7,18,2,27,0,18,9,13006
B,2019-08-14,79.93,42.2,16.0,7.0,5.0,42.2,0.0,0.0,15,12,1,28,0,10,18,9453
B,2019-08-15,166.13,72.35,7.0,24.0,4.0,84.0,0.0,2.0,18,14,3,35,0,22,13,19046
B,2019-08-16,163.19,72.18,22.0,12.0,1.0,86.57,0.0,2.0,26,7,2,35,0,24,11,15422
B,2019-08-17,29.99,14.7,5.0,37.0,3.0,14.7,0.0,0.0,17,23,5,45,0,35,10,3188
B,2019-08-18,66.68,35.52,1.0,6.0,4.0,35.53,0.0,0.0,7,1,3,11,0,4,7,7527
B,2019-08-19,56.28,28.41,1.0,3.0,0.0,28.41,0.0,0.0,2,2,0,4,0,4,0,7389
B,2019-08-20,171.9,90.0,7.0,4.0,1.0,90.0,0.0,0.0,3,8,1,12,0,5,7,22919
B,2019-08-21,130.94,49.8,4.0,8.0,0.0,67.95,0.0,2.0,7,5,0,12,0,5,7,15587
B,2019-08-22,190.93,85.33,1.0,6.0,2.0,98.21,0.0,3.0,4,5,0,9,0,6,3,20137
B,2019-08-23,182.11,76.01,4.0,6.0,3.0,97.0,0.0,2.0,9,4,0,13,0,8,5,21324
B,2019-08-24,93.94,40.4,4.0,4.0,0.0,47.58,0.0,2.0,5,3,0,8,0,5,3,11699
B,2019-08-25,171.37,78.35,4.0,7.0,2.0,91.11,0.0,2.0,7,6,0,13,0,6,7,23581
B,2019-08-26,197.81,92.19,3.0,8.0,1.0,100.41,0.0,2.0,6,6,0,12,0,8,4,23370
B,2019-08-27,163.22,83.27,3.0,6.0,1.0,83.27,0.0,0.0,2,8,0,10,0,5,5,15939
B,2019-08-28,111.51,56.78,1.0,6.0,2.0,56.78,0.0,0.0,4,5,0,9,0,7,2,14971
B,2019-08-29,232.71,98.26,5.0,10.0,3.0,120.85,0.0,4.0,9,9,0,18,0,10,8,26775
B,2019-08-30,235.69,119.82,5.0,5.0,1.0,126.67,0.0,1.0,7,4,0,11,0,7,4,29789
B,2019-08-31,160.02,61.66,1.0,11.0,2.0,81.07,0.0,2.0,9,4,1,14,0,8,6,18446
